﻿<?xml version="1.0" encoding="utf-8"?>
<customers>
  <customer full-name="Marcelle Griego" bought-cars="27" spent-money="116044.06" />
  <customer full-name="Brett Brickley" bought-cars="22" spent-money="99551.01" />
  <customer full-name="Yvonne Mccalla" bought-cars="21" spent-money="95182.38" />
  <customer full-name="Hipolito Lamoreaux" bought-cars="13" spent-money="78720.24" />
  <customer full-name="Teddy Hobby" bought-cars="17" spent-money="77653.08" />
  <customer full-name="Nisha Markwell" bought-cars="15" spent-money="75241.75" />
  <customer full-name="Taina Achenbach" bought-cars="13" spent-money="70501.33" />
  <customer full-name="Sylvie Mcelravy" bought-cars="16" spent-money="66444.53" />
  <customer full-name="Carri Knapik" bought-cars="15" spent-money="62877.23" />
  <customer full-name="Donnetta Soliz" bought-cars="15" spent-money="62480.60" />
  <customer full-name="Francis Mckim" bought-cars="14" spent-money="57387.46" />
  <customer full-name="Louann Holzworth" bought-cars="11" spent-money="56203.87" />
  <customer full-name="Faustina Burgher" bought-cars="12" spent-money="55788.23" />
  <customer full-name="Cinthia Lasala" bought-cars="12" spent-money="53563.53" />
  <customer full-name="Jimmy Grossi" bought-cars="12" spent-money="49940.38" />
  <customer full-name="Rema Revelle" bought-cars="10" spent-money="49270.63" />
  <customer full-name="Emmitt Benally" bought-cars="12" spent-money="49149.15" />
  <customer full-name="Zada Attwood" bought-cars="11" spent-money="47156.20" />
  <customer full-name="Rico Peer" bought-cars="11" spent-money="45190.79" />
  <customer full-name="Oren Perlman" bought-cars="9" spent-money="40283.55" />
  <customer full-name="Kristian Engberg" bought-cars="7" spent-money="37602.11" />
  <customer full-name="Hai Everton" bought-cars="9" spent-money="37013.56" />
  <customer full-name="Johnette Derryberry" bought-cars="9" spent-money="33353.01" />
  <customer full-name="Daniele Zarate" bought-cars="11" spent-money="32525.83" />
  <customer full-name="Lino Subia" bought-cars="7" spent-money="28690.18" />
  <customer full-name="Audrea Cardinal" bought-cars="11" spent-money="28396.84" />
  <customer full-name="Garret Capron" bought-cars="5" spent-money="25721.86" />
  <customer full-name="Carole Witman" bought-cars="6" spent-money="25515.93" />
  <customer full-name="Natalie Poli" bought-cars="5" spent-money="19344.43" />
</customers>