﻿<?xml version="1.0" encoding="utf-8"?>
<cars>
  <car id="240" model="250 GTO" travelled-distance="2183647" />
  <car id="232" model="250 GTO" travelled-distance="214747" />
  <car id="237" model="250 GTO" travelled-distance="214747" />
  <car id="242" model="250 GTO" travelled-distance="213647" />
  <car id="246" model="250 GTO" travelled-distance="213647" />
  <car id="234" model="275" travelled-distance="92854775807" />
  <car id="247" model="275" travelled-distance="2147647" />
  <car id="239" model="275" travelled-distance="214647" />
  <car id="231" model="Daytona" travelled-distance="92036854775807" />
  <car id="238" model="Daytona" travelled-distance="922337275807" />
  <car id="249" model="Daytona" travelled-distance="2147447" />
  <car id="244" model="Daytona" travelled-distance="213647" />
  <car id="248" model="Enzo" travelled-distance="2147483647" />
  <car id="241" model="F40" travelled-distance="214647" />
  <car id="245" model="F40" travelled-distance="21447" />
  <car id="236" model="F40" travelled-distance="2647" />
  <car id="235" model="F430" travelled-distance="92236854775807" />
  <car id="233" model="F430" travelled-distance="2147647" />
  <car id="243" model="F430" travelled-distance="214647" />
</cars>