<?xml version="1.0" encoding="utf-16"?>
<products>
  <product name="ropinirole hydrochloride" price="103.58" buyer="Diana Harvey" />
  <product name="BareMinerals Golden Tan matte" price="110.93" buyer="Amanda Frazier" />
  <product name="ERYTHROMYCIN Base Filmtab" price="117.84" buyer="Thomas Snyder" />
  <product name="Amlodipine Besylate" price="122.57" buyer="Joshua Murray" />
  <product name="Pollens - Weeds and Garden Plants, Scotch Broom Cytisus scoparius" price="135.82" buyer="Marie Williamson" />
  <product name="U-max Multi BB" price="137.16" buyer="Chris Mitchell" />
  <product name="Warfarin Sodium" price="138.83" buyer="Fred Barnes" />
  <product name="MOIST MOISTURE SKIN TONER" price="152.43" buyer="Jean Henry" />
  <product name="Stila Hydrating Primer Oil-Free SPF 30" price="179.28" buyer="Bonnie Fox" />
  <product name="Dover Aminophen" price="192.07" buyer="Bonnie Fox" />
  <product name="ENALAPRIL MALEATE" price="210.42" buyer="Diana Harvey" />
  <product name="Cold and Cough" price="218.14" buyer="Jonathan Rodriguez" />
  <product name="Lamotrigine Extended Release" price="245.63" buyer="Anna Parker" />
  <product name="ROPINIROLE HYDROCHLORIDE" price="266.44" buyer="Arthur Reynolds" />
  <product name="PredniSONE" price="286.43" buyer="Christine Gomez" />
  <product name="Buprenorphine hydrochloride and naloxone hydrochloride dihydrate" price="293.33" buyer="Paula Hill" />
  <product name="PANTOPRAZOLE SODIUM" price="293.89" buyer="Thompson" />
  <product name="Goats Milk" price="298.53" buyer="Jacqueline Perez" />
  <product name="Pioglitazone" price="306.56" buyer="Chris Mitchell" />
  <product name="Irbesartan and Hydrochlorothiazide" price="308.30" buyer="Arthur Reynolds" />
  <product name="ANXIETY/STRESS RELIEF" price="324.66" buyer="Cunningham" />
  <product name="Allopurinol" price="336.81" buyer="Joshua Murray" />
  <product name="ISOPROPYL ALCOHOL" price="339.48" buyer="Jonathan Rodriguez" />
  <product name="CEDAX" price="342.86" buyer="Anna Parker" />
  <product name="Almond" price="367.32" buyer="Thomas Snyder" />
  <product name="Enchanted Moments Mistletoe Kisses Hand Sanitizer" price="384.99" buyer="Jennifer Riley" />
  <product name="Fluoxetine" price="385.37" buyer="Kathy Gilbert" />
  <product name="Buprenorphine hydrochloride" price="391.05" buyer="Diana Harvey" />
  <product name="Etomidate" price="393.94" buyer="Jeremy Woods" />
  <product name="Eszopiclone" price="405.03" buyer="Patricia Cooper" />
  <product name="Gehwol med Lipidro" price="421.24" buyer="Anna Parker" />
  <product name="allergy eye" price="426.91" buyer="Bonnie Fox" />
  <product name="Labetalol hydrochloride" price="436.38" buyer="Amanda Frazier" />
  <product name="CARBIDOPA AND LEVODOPA" price="441.64" buyer="Eugene Stewart" />
  <product name="Protonix" price="466.70" buyer="Patricia Fuller" />
  <product name="Peter Island Continous sunscreen kids" price="471.30" buyer="Fred Barnes" />
  <product name="Allopurinol" price="518.50" buyer="Jonathan Rodriguez" />
  <product name="equaline" price="520.45" buyer="Jonathan Rodriguez" />
  <product name="Extra Strength Pain Reliever PM" price="542.72" buyer="Anna Parker" />
  <product name="Propranolol Hydrochloride" price="546.95" buyer="Patricia Cooper" />
  <product name="Prednisone" price="550.72" buyer="Thompson" />
  <product name="TERSI" price="554.91" buyer="Anna Parker" />
  <product name="DAYWEAR PLUS MULTI PROTECTION TINTED MOISTURIZER" price="555.12" buyer="Thompson" />
  <product name="Echinacea Quartz Gum Support" price="570.08" buyer="Christine Gomez" />
  <product name="Topiramate" price="578.77" buyer="Jonathan Rodriguez" />
  <product name="AIR" price="581.69" buyer="Jennifer Riley" />
  <product name="Agaricus Equisetum Special Order" price="585.93" buyer="Jonathan Rodriguez" />
  <product name="Ketorolac Tromethamine" price="608.18" buyer="Emily Parker" />
  <product name="Pleo Ginkgo" price="613.65" buyer="Fred Barnes" />
  <product name="Diastat" price="614.14" buyer="Amanda Frazier" />
  <product name="No7 Protect and Perfect Foundation Sunscreen Broad Spectrum SPF 15 Cool Ivory" price="616.19" buyer="Chris Mitchell" />
  <product name="Glipizide" price="621.78" buyer="Cunningham" />
  <product name="AMARANTHUS PALMERI POLLEN" price="623.16" buyer="Jonathan Rodriguez" />
  <product name="ziprasidone hydrochloride" price="628.66" buyer="Chris Mitchell" />
  <product name="AVANDAMET" price="632.08" buyer="Eugene Stewart" />
  <product name="Imipramine Hydrochloride" price="648.69" buyer="Paula Hill" />
  <product name="Amitiza" price="666.58" buyer="Bonnie Fox" />
  <product name="ENBREL" price="673.97" buyer="Betty Ward" />
  <product name="Ampicillin" price="674.63" buyer="Betty Ward" />
  <product name="PRIMAXIN" price="686.66" buyer="Thompson" />
  <product name="CLARINS Ever Matte SPF 15 - 105 Nude" price="696.06" buyer="Fred Barnes" />
  <product name="CALMING DIAPER RASH" price="700.92" buyer="Bonnie Fox" />
  <product name="Prostate" price="716.05" buyer="Cunningham" />
  <product name="Pleo Lat" price="720.08" buyer="Bonnie Fox" />
  <product name="Warfarin Sodium" price="770.05" buyer="Emily Parker" />
  <product name="Pollens - Weeds and Garden Plants, Nettle Urtica dioica" price="782.77" buyer="Jeremy Woods" />
  <product name="Naproxen" price="807.22" buyer="Jean Henry" />
  <product name="Clarins Paris Skin Illusion - 114 cappuccino" price="811.42" buyer="Emily Parker" />
  <product name="Azithromycin" price="813.87" buyer="Christine Gomez" />
  <product name="IOPE SUPER VITAL" price="824.68" buyer="Christina Patterson" />
  <product name="Aquafresh" price="849.93" buyer="Jennifer Riley" />
  <product name="RESCRIPTOR" price="850.52" buyer="Jennifer Riley" />
  <product name="Shopko Lip Treatment" price="861.42" buyer="Jeremy Woods" />
  <product name="ESIKA" price="879.37" buyer="Patricia Fuller" />
  <product name="Levothyroxine Sodium" price="885.86" buyer="Paula Hill" />
  <product name="EPZICOM" price="895.65" buyer="Thompson" />
  <product name="Myristica Argentum Sinus Relief" price="904.52" buyer="Emily Parker" />
  <product name="Aspirin" price="925.45" buyer="Bonnie Fox" />
  <product name="Ranitidine" price="926.64" buyer="Betty Ward" />
  <product name="Care One Hemorrhoidal" price="932.18" buyer="Kathy Gilbert" />
  <product name="Spironolactone" price="933.69" buyer="Joshua Murray" />
  <product name="pain relief" price="938.23" buyer="Betty Ward" />
  <product name="Glipizide and Metformin Hydrochloride" price="953.60" buyer="Jean Henry" />
  <product name="Homeopathic Rheumatism" price="967.08" buyer="Jennifer Riley" />
  <product name="NEO-POLY-BAC HYDRO" price="967.32" buyer="Anna Parker" />
  <product name="Clearskin" price="968.59" buyer="Anna Parker" />
  <product name="Dawn Ultra Antibacterial Hand" price="969.86" buyer="Amanda Frazier" />
  <product name="Butalbital, Aspirin and Caffeine" price="1010.98" buyer="Billy Parker" />
  <product name="SEPHORA Acne-Fighting Mattifying Moisturizer" price="1019.28" buyer="Jennifer Riley" />
  <product name="Aspen" price="1046.46" buyer="Ann Stevens" />
  <product name="Ringers" price="1054.37" buyer="Emily Parker" />
  <product name="Acetic Acid" price="1060.43" buyer="Billy Parker" />
  <product name="LBEL Couleur Luxe Rouge Amplifier XP amplifying SPF 15" price="1069.43" buyer="Eugene Stewart" />
  <product name="up and up temporary minor arthritis pain relief" price="1085.78" buyer="Christina Patterson" />
  <product name="XANTHIUM STRUMARIUM VAR CANADENSE POLLEN" price="1091.38" buyer="Joshua Murray" />
  <product name="Head and Shoulders Conditioner" price="1099.59" buyer="Billy Parker" />
  <product name="PREMIER VALUE ALLERGY" price="1127.61" buyer="Marie Williamson" />
  <product name="Lorazepam" price="1134.96" buyer="Sarah Day" />
  <product name="Laser Block 100" price="1135.43" buyer="Thomas Snyder" />
  <product name="DIPYRIDAMOLE" price="1150.67" buyer="Jonathan Rodriguez" />
  <product name="Flumazenil" price="1151.37" buyer="Cunningham" />
  <product name="Pollens - Trees, Birch Mix" price="1153.54" buyer="Anna Parker" />
  <product name="Baza Antifungal" price="1162.34" buyer="Thomas Snyder" />
  <product name="Americaine" price="1165.75" buyer="Fred Barnes" />
  <product name="leader pain reliever" price="1179.79" buyer="Patricia Cooper" />
  <product name="PAMO Kill Natural" price="1181.06" buyer="Jennifer Riley" />
  <product name="Benazepril Hydrochloride and Hydrochlorothiazide" price="1187.27" buyer="Jean Henry" />
  <product name="Nighttime Sleep Aid" price="1217.11" buyer="Betty Ward" />
  <product name="Topical 60 Sec Sodium Fluoride" price="1228.84" buyer="Jean Henry" />
  <product name="Aspergillus repens" price="1231.42" buyer="Sarah Day" />
  <product name="Oxygen" price="1242.92" buyer="Christina Patterson" />
  <product name="XtraCare Foam Antibacterial Hand Wash" price="1251.97" buyer="Diana Harvey" />
  <product name="IOPE RETIGEN MOISTURE TWIN CAKE NO.21" price="1257.71" buyer="Sarah Day" />
  <product name="Topex" price="1258.49" buyer="Cunningham" />
  <product name="Prednisone" price="1285.99" buyer="Arthur Reynolds" />
  <product name="VITALUMIERE AQUA" price="1293.09" buyer="Fred Barnes" />
  <product name="MEDI-FIRST Non-Aspirin" price="1301.28" buyer="Bonnie Fox" />
  <product name="Zonisamide" price="1305.41" buyer="Chris Mitchell" />
  <product name="Ibuprofen" price="1305.96" buyer="Thompson" />
  <product name="Fosphenytoin Sodium" price="1334.06" buyer="Betty Ward" />
  <product name="Archangelica Eucalyptus" price="1334.91" buyer="Diana Harvey" />
  <product name="Labetalol Hydrochloride" price="1345.11" buyer="Christine Gomez" />
  <product name="Leg Cramp Relief" price="1345.69" buyer="Jennifer Riley" />
  <product name="EMEND" price="1365.51" buyer="Thompson" />
  <product name="Finasteride" price="1374.01" buyer="Betty Ward" />
  <product name="Nevirapine" price="1374.72" buyer="Arthur Reynolds" />
  <product name="Warfarin Sodium" price="1379.79" buyer="Christine Gomez" />
  <product name="Wintergreen Isopropyl Alcohol" price="1397.57" buyer="Patricia Cooper" />
  <product name="Metoprolol Tartrate" price="1405.74" buyer="Marie Williamson" />
  <product name="Triamterene and Hydrochlorothiazide" price="1416.59" buyer="Cunningham" />
  <product name="Effervescent Cold Relief" price="1436.07" buyer="Jean Henry" />
  <product name="Gilotrif" price="1454.77" buyer="Billy Parker" />
  <product name="Treatment Set TS336667" price="1466.47" buyer="Chris Mitchell" />
  <product name="GEMCITABINE" price="1468.11" buyer="Fred Barnes" />
  <product name="Glycopyrrolate" price="1471.43" buyer="Thomas Snyder" />
  <product name="cough and sore throat" price="1482.68" buyer="Marie Williamson" />
  <product name="Etoposide" price="1483.96" buyer="Chris Mitchell" />
  <product name="Alcohol Free Antiseptic" price="1486.07" buyer="Marie Williamson" />
  <product name="Budpak Hemorrhoid Anesthetic" price="1499.29" buyer="Christina Patterson" />
</products>